[{"model": "character_generator.ego", "pk": 7, "fields": {"name": "Buzzard", "cog": 6, "inte": 6, "ref": 6, "sav": 6, "som": 6, "wil": 6, "user": 1, "items": []}}, {"model": "character_generator.movement", "pk": 1, "fields": {"name": "Walker", "base": 2, "full": 8}}, {"model": "character_generator.movement", "pk": 2, "fields": {"name": "Winged", "base": 8, "full": 40}}, {"model": "character_generator.movement", "pk": 3, "fields": {"name": "Walker", "base": 4, "full": 20}}, {"model": "character_generator.morph", "pk": 1, "fields": {"name": "Neo-Avian", "desc": "Neo-avians include ravens, crows, and gray parrots uplifted to human-level intelligence. Their physical sizes are much larger than their non-uplifted cousins (to the size of a human child), with larger heads for their increased brain size. Numerous transgenic modifications have been made to their wings, allowing them to retain limited flight capabilities at 1 g, but giving them a more bat-like physiology so they can bend and fold better and adding primitive digits for basic tool manipulation. Their toes are also more articulated and now accompanied with an opposable thumb. Neo-avians have adpated well to microgravity environments, and are favored for their small size and reduced resource use.", "mtype": "Common", "cost": 0, "avail": 50, "wt": 5, "dur": 25, "dr": 38, "ins": 2, "mox": 1, "vig": 0, "flex": 0, "movtype": [1, 2]}}, {"model": "character_generator.morph", "pk": 2, "fields": {"name": "Novacrab", "desc": "Bioengineered from coconut crab and spider crab stock and grown to a larger (human) size, novacrabs are ideal for hazardous work environments as well as vacworker, police, or bodyguard duties. They climb and handle microgravity well and can withstand a wide range of atmospheric pressure (and sudden pressure changes) from vacuum to deep sea. They are equipped with ten 2-meter long legs, massive claws, chitinous armor, compound eyes (with human -equivalent image resolution), gills, dexterous manipulatory digits on their fifth set of limbs, and transgenic vocal cords.", "mtype": "Pod", "cost": 4, "avail": 50, "wt": 9, "dur": 45, "dr": 68, "ins": 0, "mox": 0, "vig": 3, "flex": 0, "movtype": [3]}}, {"model": "character_generator.morph", "pk": 3, "fields": {"name": "Exalt", "desc": "Exalts are the common, non-specialized \"enhanced human\" model. They are genetically upgraded to make them healthier, smarter, and more attractive (based on ever-evolving beauty standards). A modified metabolism keeps them fit and athletic for the duration of an extended lifespan.", "mtype": "Common", "cost": 2, "avail": 70, "wt": 7, "dur": 35, "dr": 53, "ins": 1, "mox": 1, "vig": 1, "flex": 0, "movtype": [3]}}, {"model": "character_generator.item", "pk": 1, "fields": {"name": "Access Jacks", "itype": "Common Tech & Ware", "complexity_gp": "1", "desc": "External sockets for direct interface with mesh inserts/cyberbrains."}}, {"model": "character_generator.item", "pk": 2, "fields": {"name": "Cyberbrain", "itype": "Common Tech & Ware", "complexity_gp": "3", "desc": "Synthetic brain, runs infomorph mind-state."}}, {"model": "character_generator.item", "pk": 3, "fields": {"name": "Breather", "itype": "Common Tech & Ware", "complexity_gp": "1", "desc": "Converts CO2 into oxygen or provides 2 hours of air."}}, {"model": "character_generator.item", "pk": 4, "fields": {"name": "Mapping Missile", "itype": "Mission Gear", "complexity_gp": "2", "desc": "Maps planet from low polar orbit in 24-48 hours."}}, {"model": "character_generator.item", "pk": 5, "fields": {"name": "Disassembly Tools", "itype": "Mission Gear", "complexity_gp": "2", "desc": "Heavy and smart tools for taking things apart."}}, {"model": "character_generator.item", "pk": 6, "fields": {"name": "Light Vacsuit", "itype": "Mission Gear", "complexity_gp": "2", "desc": "As smart clothes, protects from vacuum, 8 hours air."}}, {"model": "character_generator.background", "pk": 1, "fields": {"name": "Colonist", "desc": "You were an original settler of Earth orbit, Luna, Mars, or a smaller outpost elsewhere before the Fall."}}, {"model": "character_generator.background", "pk": 2, "fields": {"name": "Freelancer", "desc": "You were a cog in the wheels of hypercapitalism, taking whatever gigs came your way."}}, {"model": "character_generator.background", "pk": 3, "fields": {"name": "Uplift", "desc": "You are an uplift: the latest generation of bonobo, cetacean, chimpanzee, corvid, gorilla, neanderthal, octopus, orangutan, or parrot raised to human levels of intelligence."}}, {"model": "character_generator.background", "pk": 4, "fields": {"name": "Hyperelite", "desc": "You lived in the top percent, with abundant wealth and resources."}}, {"model": "character_generator.skill", "pk": 1, "fields": {"name": "Free Fall", "desc": "Free Fall is a companion skill to Athletics for morphs that are humanoid, uplift, or using biomimicked movements. Use it for physical activity in microgravity environments of when free falling. \r\n\r\nUse Free Fall to push yourself down a micrograv tunnel, propel yourself across an open space in zero g, re-orient yourself out of a spin, maneuver with vacsuit attitude jets, correctly apply some type of propulsion when drifting in space, or when parachuting."}}, {"model": "character_generator.skill", "pk": 2, "fields": {"name": "Hardware", "desc": "Hardware handles the design, construction, repair, and alteration of different types of technological systems. \r\n\r\nUse Hardware to repair a life support system, upgrade a robot, hack an electronic lock, or assemble a functional vehicle from spare parts. Most Hardware Tests are task actions."}}, {"model": "character_generator.skill", "pk": 3, "fields": {"name": "Athletics", "desc": "Athletics encompasses various types of physical activity in environments with gravity. It specifically applies to maneuvering in morphs that are humanoid, uplift, or that use biomimicked movements, whether sleeved or remote operated.\r\n\r\nUse Athletics to scale a wall, tread water, throw a grenade, jump a crevasse, vault a table, backflip off a ledge, or make a barrel roll with a winged morph."}}, {"model": "character_generator.skill", "pk": 4, "fields": {"name": "Infosec", "desc": "Infosec is short for \"information security.\" It incorporates training in electronic intrusion and counter-intrusion techniques, as well as use of cryptography tools. \r\n\r\nUse Infosec to hack into electronic and mesh systems, subvert them, and protect them. Also use it to encrypt and decrypt communications and files. Most Infosec Tests are task actions."}}, {"model": "character_generator.skill", "pk": 5, "fields": {"name": "Survival", "desc": "Survival encompasses the skills needed to survive in and maneuver through hostile environments.\r\n\r\nUse Survival to navigate, track a person or animal in the wild, find safe food and shelter, and defend against ecological and environmental dangers."}}, {"model": "character_generator.skill", "pk": 6, "fields": {"name": "Know", "desc": "Know skills represent information your character has acquired, things they know. They play a less dramatic role, but are often critical for helping your character solve mysteries, understand situations, and figure out what to do.\r\n\r\nFields you can assign Know points to include: Academics, Arts, Interests, Professional Training."}}, {"model": "character_generator.skill", "pk": 7, "fields": {"name": "Deceive", "desc": "Deceive is about presenting falsehoods in believable ways. It applies to any attempt to misrepresent or hide the truth with words and gestures. It does not include hiding (Infiltrate) or physical disguises (Exotic Skill: Disguise).\r\n\r\nUse Deceive to act, lie, bluff, misdirect, con someone, impersonate someone, or fast talk your way out of a situation. The target of your deception opposes with their Kinesics skill."}}, {"model": "character_generator.skill", "pk": 8, "fields": {"name": "Persuade", "desc": "Persuade is the ability to convince others to do what you want through words and gestures, logic and reason. It is the art of subtle social manipulation. It does not include intimidation, coercion, seduction, or other emotionally driven manipulation (use Provoke).\r\n\r\nUse Persuade to drive a bargain, convince a reluctant party, negotiate a truce, motivate your peers to take action, or sway someone to your side. Persuade is opposed by the opponent's SAV check."}}, {"model": "character_generator.skill", "pk": 9, "fields": {"name": "Research", "desc": "Research is your google fu, your skill at finding, analyzing, and understanding information online. It includes knowing where to look, optimizing your queries, separating fiction from truth, and processing massive amounts of data.\r\n\r\nUse Research to look up an answer on the mesh, track people online, access the deep mesh, search databases, sift through archives, and mine data dumps."}}, {"model": "character_generator.background2skills", "pk": 1, "fields": {"background": 1, "skills": 1, "modifier": 40}}, {"model": "character_generator.background2skills", "pk": 2, "fields": {"background": 1, "skills": 2, "modifier": 40}}, {"model": "character_generator.background2skills", "pk": 3, "fields": {"background": 1, "skills": 5, "modifier": 30}}, {"model": "character_generator.background2skills", "pk": 4, "fields": {"background": 1, "skills": 6, "modifier": 60}}, {"model": "character_generator.background2skills", "pk": 5, "fields": {"background": 2, "skills": 9, "modifier": 40}}, {"model": "character_generator.background2skills", "pk": 6, "fields": {"background": 2, "skills": 6, "modifier": 60}}, {"model": "character_generator.background2skills", "pk": 7, "fields": {"background": 3, "skills": 3, "modifier": 40}}, {"model": "character_generator.background2skills", "pk": 8, "fields": {"background": 3, "skills": 5, "modifier": 20}}, {"model": "character_generator.background2skills", "pk": 9, "fields": {"background": 3, "skills": 6, "modifier": 60}}, {"model": "character_generator.background2skills", "pk": 10, "fields": {"background": 4, "skills": 3, "modifier": 30}}, {"model": "character_generator.background2skills", "pk": 11, "fields": {"background": 4, "skills": 7, "modifier": 30}}, {"model": "character_generator.background2skills", "pk": 12, "fields": {"background": 4, "skills": 8, "modifier": 30}}, {"model": "character_generator.background2skills", "pk": 13, "fields": {"background": 4, "skills": 6, "modifier": 60}}, {"model": "character_generator.career", "pk": 1, "fields": {"name": "Covert Operative", "desc": "You are a spy, infiltrator, thief, or undercover agent, skilled at accessing places you don't belong."}}, {"model": "character_generator.career", "pk": 2, "fields": {"name": "Explorer", "desc": "You've walked on alien worlds and seen things with your own eyes that others wouldn't believe."}}, {"model": "character_generator.career", "pk": 3, "fields": {"name": "Scavenger", "desc": "You scrounge through wrecks and ruins of the Fall, seeking value in the destruction."}}, {"model": "character_generator.career", "pk": 4, "fields": {"name": "Face", "desc": "You excel at convincing others, even when it's not in their best interest."}}, {"model": "character_generator.career2skills", "pk": 1, "fields": {"career": 1, "skills": 7, "modifier": 40}}, {"model": "character_generator.career2skills", "pk": 2, "fields": {"career": 1, "skills": 4, "modifier": 30}}, {"model": "character_generator.career2skills", "pk": 3, "fields": {"career": 1, "skills": 6, "modifier": 60}}, {"model": "character_generator.career2skills", "pk": 4, "fields": {"career": 2, "skills": 3, "modifier": 30}}, {"model": "character_generator.career2skills", "pk": 5, "fields": {"career": 2, "skills": 5, "modifier": 60}}, {"model": "character_generator.career2skills", "pk": 6, "fields": {"career": 2, "skills": 6, "modifier": 60}}, {"model": "character_generator.career2skills", "pk": 7, "fields": {"career": 3, "skills": 2, "modifier": 60}}, {"model": "character_generator.career2skills", "pk": 8, "fields": {"career": 3, "skills": 6, "modifier": 60}}, {"model": "character_generator.career2skills", "pk": 9, "fields": {"career": 4, "skills": 7, "modifier": 40}}, {"model": "character_generator.career2skills", "pk": 10, "fields": {"career": 4, "skills": 8, "modifier": 60}}, {"model": "character_generator.career2skills", "pk": 11, "fields": {"career": 4, "skills": 6, "modifier": 60}}, {"model": "admin.logentry", "pk": 1, "fields": {"action_time": "2022-10-03T00:12:52.774Z", "user": 1, "content_type": 4, "object_id": "1", "object_repr": "Walker", "action_flag": 1, "change_message": "[{\"added\": {}}]"}}, {"model": "admin.logentry", "pk": 2, "fields": {"action_time": "2022-10-03T00:13:03.500Z", "user": 1, "content_type": 4, "object_id": "2", "object_repr": "Winged", "action_flag": 1, "change_message": "[{\"added\": {}}]"}}, {"model": "admin.logentry", "pk": 3, "fields": {"action_time": "2022-10-03T00:13:09.243Z", "user": 1, "content_type": 2, "object_id": "1", "object_repr": "Neo-Avian", "action_flag": 1, "change_message": "[{\"added\": {}}]"}}, {"model": "admin.logentry", "pk": 4, "fields": {"action_time": "2022-10-03T00:15:56.536Z", "user": 1, "content_type": 4, "object_id": "3", "object_repr": "Walker", "action_flag": 1, "change_message": "[{\"added\": {}}]"}}, {"model": "admin.logentry", "pk": 5, "fields": {"action_time": "2022-10-03T00:16:17.190Z", "user": 1, "content_type": 2, "object_id": "2", "object_repr": "Novacrab", "action_flag": 1, "change_message": "[{\"added\": {}}]"}}, {"model": "admin.logentry", "pk": 6, "fields": {"action_time": "2022-10-03T00:18:06.080Z", "user": 1, "content_type": 2, "object_id": "3", "object_repr": "Exalt", "action_flag": 1, "change_message": "[{\"added\": {}}]"}}, {"model": "admin.logentry", "pk": 7, "fields": {"action_time": "2022-10-07T01:22:37.249Z", "user": 1, "content_type": 12, "object_id": "1", "object_repr": "Background object (1)", "action_flag": 1, "change_message": "[{\"added\": {}}]"}}, {"model": "admin.logentry", "pk": 8, "fields": {"action_time": "2022-10-07T01:24:00.983Z", "user": 1, "content_type": 12, "object_id": "2", "object_repr": "Freelancer", "action_flag": 1, "change_message": "[{\"added\": {}}]"}}, {"model": "admin.logentry", "pk": 9, "fields": {"action_time": "2022-10-07T01:25:49.834Z", "user": 1, "content_type": 12, "object_id": "3", "object_repr": "Uplift", "action_flag": 1, "change_message": "[{\"added\": {}}]"}}, {"model": "admin.logentry", "pk": 10, "fields": {"action_time": "2022-10-07T01:26:37.178Z", "user": 1, "content_type": 12, "object_id": "4", "object_repr": "Hyperelite", "action_flag": 1, "change_message": "[{\"added\": {}}]"}}, {"model": "admin.logentry", "pk": 11, "fields": {"action_time": "2022-10-07T01:30:10.740Z", "user": 1, "content_type": 13, "object_id": "1", "object_repr": "Free Fall", "action_flag": 1, "change_message": "[{\"added\": {}}]"}}, {"model": "admin.logentry", "pk": 12, "fields": {"action_time": "2022-10-07T01:31:18.911Z", "user": 1, "content_type": 13, "object_id": "2", "object_repr": "Hardware", "action_flag": 1, "change_message": "[{\"added\": {}}]"}}, {"model": "admin.logentry", "pk": 13, "fields": {"action_time": "2022-10-07T01:33:02.663Z", "user": 1, "content_type": 13, "object_id": "3", "object_repr": "Athletics", "action_flag": 1, "change_message": "[{\"added\": {}}]"}}, {"model": "admin.logentry", "pk": 14, "fields": {"action_time": "2022-10-07T01:34:47.591Z", "user": 1, "content_type": 13, "object_id": "4", "object_repr": "Infosec", "action_flag": 1, "change_message": "[{\"added\": {}}]"}}, {"model": "admin.logentry", "pk": 15, "fields": {"action_time": "2022-10-07T01:36:30.567Z", "user": 1, "content_type": 13, "object_id": "5", "object_repr": "Survival", "action_flag": 1, "change_message": "[{\"added\": {}}]"}}, {"model": "admin.logentry", "pk": 16, "fields": {"action_time": "2022-10-07T01:38:30.538Z", "user": 1, "content_type": 13, "object_id": "6", "object_repr": "Know", "action_flag": 1, "change_message": "[{\"added\": {}}]"}}, {"model": "admin.logentry", "pk": 17, "fields": {"action_time": "2022-10-07T01:40:21.404Z", "user": 1, "content_type": 13, "object_id": "7", "object_repr": "Deceive", "action_flag": 1, "change_message": "[{\"added\": {}}]"}}, {"model": "admin.logentry", "pk": 18, "fields": {"action_time": "2022-10-07T01:42:11.541Z", "user": 1, "content_type": 13, "object_id": "8", "object_repr": "Persuade", "action_flag": 1, "change_message": "[{\"added\": {}}]"}}, {"model": "admin.logentry", "pk": 19, "fields": {"action_time": "2022-10-07T01:43:29.178Z", "user": 1, "content_type": 13, "object_id": "9", "object_repr": "Research", "action_flag": 1, "change_message": "[{\"added\": {}}]"}}, {"model": "admin.logentry", "pk": 20, "fields": {"action_time": "2022-10-07T01:49:16.893Z", "user": 1, "content_type": 14, "object_id": "1", "object_repr": "Colonist Free Fall 40", "action_flag": 1, "change_message": "[{\"added\": {}}]"}}, {"model": "admin.logentry", "pk": 21, "fields": {"action_time": "2022-10-07T01:49:37.707Z", "user": 1, "content_type": 14, "object_id": "2", "object_repr": "Colonist Hardware 40", "action_flag": 1, "change_message": "[{\"added\": {}}]"}}, {"model": "admin.logentry", "pk": 22, "fields": {"action_time": "2022-10-07T01:49:55.633Z", "user": 1, "content_type": 14, "object_id": "3", "object_repr": "Colonist Survival 30", "action_flag": 1, "change_message": "[{\"added\": {}}]"}}, {"model": "admin.logentry", "pk": 23, "fields": {"action_time": "2022-10-07T01:50:09.669Z", "user": 1, "content_type": 14, "object_id": "4", "object_repr": "Colonist Know 60", "action_flag": 1, "change_message": "[{\"added\": {}}]"}}, {"model": "admin.logentry", "pk": 24, "fields": {"action_time": "2022-10-07T01:50:27.431Z", "user": 1, "content_type": 14, "object_id": "5", "object_repr": "Freelancer Research 40", "action_flag": 1, "change_message": "[{\"added\": {}}]"}}, {"model": "admin.logentry", "pk": 25, "fields": {"action_time": "2022-10-07T01:50:45.512Z", "user": 1, "content_type": 14, "object_id": "6", "object_repr": "Freelancer Know 60", "action_flag": 1, "change_message": "[{\"added\": {}}]"}}, {"model": "admin.logentry", "pk": 26, "fields": {"action_time": "2022-10-07T01:51:01.604Z", "user": 1, "content_type": 14, "object_id": "7", "object_repr": "Uplift Athletics 40", "action_flag": 1, "change_message": "[{\"added\": {}}]"}}, {"model": "admin.logentry", "pk": 27, "fields": {"action_time": "2022-10-07T01:51:25.550Z", "user": 1, "content_type": 14, "object_id": "8", "object_repr": "Uplift Survival 20", "action_flag": 1, "change_message": "[{\"added\": {}}]"}}, {"model": "admin.logentry", "pk": 28, "fields": {"action_time": "2022-10-07T01:51:41.079Z", "user": 1, "content_type": 14, "object_id": "9", "object_repr": "Uplift Know 60", "action_flag": 1, "change_message": "[{\"added\": {}}]"}}, {"model": "admin.logentry", "pk": 29, "fields": {"action_time": "2022-10-07T01:51:56.855Z", "user": 1, "content_type": 14, "object_id": "10", "object_repr": "Hyperelite Athletics 30", "action_flag": 1, "change_message": "[{\"added\": {}}]"}}, {"model": "admin.logentry", "pk": 30, "fields": {"action_time": "2022-10-07T01:52:09.925Z", "user": 1, "content_type": 14, "object_id": "11", "object_repr": "Hyperelite Deceive 30", "action_flag": 1, "change_message": "[{\"added\": {}}]"}}, {"model": "admin.logentry", "pk": 31, "fields": {"action_time": "2022-10-07T01:52:23.368Z", "user": 1, "content_type": 14, "object_id": "12", "object_repr": "Hyperelite Persuade 30", "action_flag": 1, "change_message": "[{\"added\": {}}]"}}, {"model": "admin.logentry", "pk": 32, "fields": {"action_time": "2022-10-07T01:52:42.486Z", "user": 1, "content_type": 14, "object_id": "13", "object_repr": "Hyperelite Know 60", "action_flag": 1, "change_message": "[{\"added\": {}}]"}}, {"model": "admin.logentry", "pk": 33, "fields": {"action_time": "2022-10-07T02:05:46.967Z", "user": 1, "content_type": 15, "object_id": "1", "object_repr": "Covert Operative", "action_flag": 1, "change_message": "[{\"added\": {}}]"}}, {"model": "admin.logentry", "pk": 34, "fields": {"action_time": "2022-10-07T02:06:13.974Z", "user": 1, "content_type": 15, "object_id": "2", "object_repr": "Explorer", "action_flag": 1, "change_message": "[{\"added\": {}}]"}}, {"model": "admin.logentry", "pk": 35, "fields": {"action_time": "2022-10-07T02:06:48.114Z", "user": 1, "content_type": 15, "object_id": "3", "object_repr": "Scavenger", "action_flag": 1, "change_message": "[{\"added\": {}}]"}}, {"model": "admin.logentry", "pk": 36, "fields": {"action_time": "2022-10-07T02:07:16.019Z", "user": 1, "content_type": 15, "object_id": "4", "object_repr": "Face", "action_flag": 1, "change_message": "[{\"added\": {}}]"}}, {"model": "admin.logentry", "pk": 37, "fields": {"action_time": "2022-10-07T02:07:30.354Z", "user": 1, "content_type": 16, "object_id": "1", "object_repr": "Career2Skills object (1)", "action_flag": 1, "change_message": "[{\"added\": {}}]"}}, {"model": "admin.logentry", "pk": 38, "fields": {"action_time": "2022-10-07T02:07:46.082Z", "user": 1, "content_type": 16, "object_id": "2", "object_repr": "Career2Skills object (2)", "action_flag": 1, "change_message": "[{\"added\": {}}]"}}, {"model": "admin.logentry", "pk": 39, "fields": {"action_time": "2022-10-07T02:07:59.159Z", "user": 1, "content_type": 16, "object_id": "3", "object_repr": "Career2Skills object (3)", "action_flag": 1, "change_message": "[{\"added\": {}}]"}}, {"model": "admin.logentry", "pk": 40, "fields": {"action_time": "2022-10-07T02:08:21.616Z", "user": 1, "content_type": 16, "object_id": "4", "object_repr": "Career2Skills object (4)", "action_flag": 1, "change_message": "[{\"added\": {}}]"}}, {"model": "admin.logentry", "pk": 41, "fields": {"action_time": "2022-10-07T02:08:37.728Z", "user": 1, "content_type": 16, "object_id": "5", "object_repr": "Career2Skills object (5)", "action_flag": 1, "change_message": "[{\"added\": {}}]"}}, {"model": "admin.logentry", "pk": 42, "fields": {"action_time": "2022-10-07T02:08:50.314Z", "user": 1, "content_type": 16, "object_id": "6", "object_repr": "Career2Skills object (6)", "action_flag": 1, "change_message": "[{\"added\": {}}]"}}, {"model": "admin.logentry", "pk": 43, "fields": {"action_time": "2022-10-07T02:09:05.813Z", "user": 1, "content_type": 16, "object_id": "7", "object_repr": "Career2Skills object (7)", "action_flag": 1, "change_message": "[{\"added\": {}}]"}}, {"model": "admin.logentry", "pk": 44, "fields": {"action_time": "2022-10-07T02:09:19.432Z", "user": 1, "content_type": 16, "object_id": "8", "object_repr": "Career2Skills object (8)", "action_flag": 1, "change_message": "[{\"added\": {}}]"}}, {"model": "admin.logentry", "pk": 45, "fields": {"action_time": "2022-10-07T02:09:34.430Z", "user": 1, "content_type": 16, "object_id": "9", "object_repr": "Career2Skills object (9)", "action_flag": 1, "change_message": "[{\"added\": {}}]"}}, {"model": "admin.logentry", "pk": 46, "fields": {"action_time": "2022-10-07T02:09:48.507Z", "user": 1, "content_type": 16, "object_id": "10", "object_repr": "Career2Skills object (10)", "action_flag": 1, "change_message": "[{\"added\": {}}]"}}, {"model": "admin.logentry", "pk": 47, "fields": {"action_time": "2022-10-07T02:10:01.018Z", "user": 1, "content_type": 16, "object_id": "11", "object_repr": "Career2Skills object (11)", "action_flag": 1, "change_message": "[{\"added\": {}}]"}}, {"model": "admin.logentry", "pk": 48, "fields": {"action_time": "2022-10-07T02:27:27.921Z", "user": 1, "content_type": 3, "object_id": "1", "object_repr": "Access Jacks", "action_flag": 1, "change_message": "[{\"added\": {}}]"}}, {"model": "admin.logentry", "pk": 49, "fields": {"action_time": "2022-10-07T02:28:02.163Z", "user": 1, "content_type": 3, "object_id": "2", "object_repr": "Cyberbrain", "action_flag": 1, "change_message": "[{\"added\": {}}]"}}, {"model": "admin.logentry", "pk": 50, "fields": {"action_time": "2022-10-07T02:28:31.582Z", "user": 1, "content_type": 3, "object_id": "3", "object_repr": "Breather", "action_flag": 1, "change_message": "[{\"added\": {}}]"}}, {"model": "admin.logentry", "pk": 51, "fields": {"action_time": "2022-10-07T02:29:42.804Z", "user": 1, "content_type": 3, "object_id": "4", "object_repr": "Mapping Missile", "action_flag": 1, "change_message": "[{\"added\": {}}]"}}, {"model": "admin.logentry", "pk": 52, "fields": {"action_time": "2022-10-07T02:30:12.451Z", "user": 1, "content_type": 3, "object_id": "5", "object_repr": "Disassembly Tools", "action_flag": 1, "change_message": "[{\"added\": {}}]"}}, {"model": "admin.logentry", "pk": 53, "fields": {"action_time": "2022-10-07T02:30:45.694Z", "user": 1, "content_type": 3, "object_id": "6", "object_repr": "Light Vacsuit", "action_flag": 1, "change_message": "[{\"added\": {}}]"}}, {"model": "admin.logentry", "pk": 54, "fields": {"action_time": "2022-10-07T02:30:52.386Z", "user": 1, "content_type": 3, "object_id": "5", "object_repr": "Disassembly Tools", "action_flag": 2, "change_message": "[{\"changed\": {\"fields\": [\"Item Type\"]}}]"}}, {"model": "auth.permission", "pk": 1, "fields": {"name": "Can add ego", "content_type": 1, "codename": "add_ego"}}, {"model": "auth.permission", "pk": 2, "fields": {"name": "Can change ego", "content_type": 1, "codename": "change_ego"}}, {"model": "auth.permission", "pk": 3, "fields": {"name": "Can delete ego", "content_type": 1, "codename": "delete_ego"}}, {"model": "auth.permission", "pk": 4, "fields": {"name": "Can view ego", "content_type": 1, "codename": "view_ego"}}, {"model": "auth.permission", "pk": 5, "fields": {"name": "Can add morph", "content_type": 2, "codename": "add_morph"}}, {"model": "auth.permission", "pk": 6, "fields": {"name": "Can change morph", "content_type": 2, "codename": "change_morph"}}, {"model": "auth.permission", "pk": 7, "fields": {"name": "Can delete morph", "content_type": 2, "codename": "delete_morph"}}, {"model": "auth.permission", "pk": 8, "fields": {"name": "Can view morph", "content_type": 2, "codename": "view_morph"}}, {"model": "auth.permission", "pk": 9, "fields": {"name": "Can add item", "content_type": 3, "codename": "add_item"}}, {"model": "auth.permission", "pk": 10, "fields": {"name": "Can change item", "content_type": 3, "codename": "change_item"}}, {"model": "auth.permission", "pk": 11, "fields": {"name": "Can delete item", "content_type": 3, "codename": "delete_item"}}, {"model": "auth.permission", "pk": 12, "fields": {"name": "Can view item", "content_type": 3, "codename": "view_item"}}, {"model": "auth.permission", "pk": 13, "fields": {"name": "Can add movement", "content_type": 4, "codename": "add_movement"}}, {"model": "auth.permission", "pk": 14, "fields": {"name": "Can change movement", "content_type": 4, "codename": "change_movement"}}, {"model": "auth.permission", "pk": 15, "fields": {"name": "Can delete movement", "content_type": 4, "codename": "delete_movement"}}, {"model": "auth.permission", "pk": 16, "fields": {"name": "Can view movement", "content_type": 4, "codename": "view_movement"}}, {"model": "auth.permission", "pk": 17, "fields": {"name": "Can add log entry", "content_type": 5, "codename": "add_logentry"}}, {"model": "auth.permission", "pk": 18, "fields": {"name": "Can change log entry", "content_type": 5, "codename": "change_logentry"}}, {"model": "auth.permission", "pk": 19, "fields": {"name": "Can delete log entry", "content_type": 5, "codename": "delete_logentry"}}, {"model": "auth.permission", "pk": 20, "fields": {"name": "Can view log entry", "content_type": 5, "codename": "view_logentry"}}, {"model": "auth.permission", "pk": 21, "fields": {"name": "Can add permission", "content_type": 6, "codename": "add_permission"}}, {"model": "auth.permission", "pk": 22, "fields": {"name": "Can change permission", "content_type": 6, "codename": "change_permission"}}, {"model": "auth.permission", "pk": 23, "fields": {"name": "Can delete permission", "content_type": 6, "codename": "delete_permission"}}, {"model": "auth.permission", "pk": 24, "fields": {"name": "Can view permission", "content_type": 6, "codename": "view_permission"}}, {"model": "auth.permission", "pk": 25, "fields": {"name": "Can add group", "content_type": 7, "codename": "add_group"}}, {"model": "auth.permission", "pk": 26, "fields": {"name": "Can change group", "content_type": 7, "codename": "change_group"}}, {"model": "auth.permission", "pk": 27, "fields": {"name": "Can delete group", "content_type": 7, "codename": "delete_group"}}, {"model": "auth.permission", "pk": 28, "fields": {"name": "Can view group", "content_type": 7, "codename": "view_group"}}, {"model": "auth.permission", "pk": 29, "fields": {"name": "Can add user", "content_type": 8, "codename": "add_user"}}, {"model": "auth.permission", "pk": 30, "fields": {"name": "Can change user", "content_type": 8, "codename": "change_user"}}, {"model": "auth.permission", "pk": 31, "fields": {"name": "Can delete user", "content_type": 8, "codename": "delete_user"}}, {"model": "auth.permission", "pk": 32, "fields": {"name": "Can view user", "content_type": 8, "codename": "view_user"}}, {"model": "auth.permission", "pk": 33, "fields": {"name": "Can add content type", "content_type": 9, "codename": "add_contenttype"}}, {"model": "auth.permission", "pk": 34, "fields": {"name": "Can change content type", "content_type": 9, "codename": "change_contenttype"}}, {"model": "auth.permission", "pk": 35, "fields": {"name": "Can delete content type", "content_type": 9, "codename": "delete_contenttype"}}, {"model": "auth.permission", "pk": 36, "fields": {"name": "Can view content type", "content_type": 9, "codename": "view_contenttype"}}, {"model": "auth.permission", "pk": 37, "fields": {"name": "Can add session", "content_type": 10, "codename": "add_session"}}, {"model": "auth.permission", "pk": 38, "fields": {"name": "Can change session", "content_type": 10, "codename": "change_session"}}, {"model": "auth.permission", "pk": 39, "fields": {"name": "Can delete session", "content_type": 10, "codename": "delete_session"}}, {"model": "auth.permission", "pk": 40, "fields": {"name": "Can view session", "content_type": 10, "codename": "view_session"}}, {"model": "auth.permission", "pk": 41, "fields": {"name": "Can add ego2 morph", "content_type": 11, "codename": "add_ego2morph"}}, {"model": "auth.permission", "pk": 42, "fields": {"name": "Can change ego2 morph", "content_type": 11, "codename": "change_ego2morph"}}, {"model": "auth.permission", "pk": 43, "fields": {"name": "Can delete ego2 morph", "content_type": 11, "codename": "delete_ego2morph"}}, {"model": "auth.permission", "pk": 44, "fields": {"name": "Can view ego2 morph", "content_type": 11, "codename": "view_ego2morph"}}, {"model": "auth.permission", "pk": 45, "fields": {"name": "Can add background", "content_type": 12, "codename": "add_background"}}, {"model": "auth.permission", "pk": 46, "fields": {"name": "Can change background", "content_type": 12, "codename": "change_background"}}, {"model": "auth.permission", "pk": 47, "fields": {"name": "Can delete background", "content_type": 12, "codename": "delete_background"}}, {"model": "auth.permission", "pk": 48, "fields": {"name": "Can view background", "content_type": 12, "codename": "view_background"}}, {"model": "auth.permission", "pk": 49, "fields": {"name": "Can add skill", "content_type": 13, "codename": "add_skill"}}, {"model": "auth.permission", "pk": 50, "fields": {"name": "Can change skill", "content_type": 13, "codename": "change_skill"}}, {"model": "auth.permission", "pk": 51, "fields": {"name": "Can delete skill", "content_type": 13, "codename": "delete_skill"}}, {"model": "auth.permission", "pk": 52, "fields": {"name": "Can view skill", "content_type": 13, "codename": "view_skill"}}, {"model": "auth.permission", "pk": 53, "fields": {"name": "Can add background2 skills", "content_type": 14, "codename": "add_background2skills"}}, {"model": "auth.permission", "pk": 54, "fields": {"name": "Can change background2 skills", "content_type": 14, "codename": "change_background2skills"}}, {"model": "auth.permission", "pk": 55, "fields": {"name": "Can delete background2 skills", "content_type": 14, "codename": "delete_background2skills"}}, {"model": "auth.permission", "pk": 56, "fields": {"name": "Can view background2 skills", "content_type": 14, "codename": "view_background2skills"}}, {"model": "auth.permission", "pk": 57, "fields": {"name": "Can add career", "content_type": 15, "codename": "add_career"}}, {"model": "auth.permission", "pk": 58, "fields": {"name": "Can change career", "content_type": 15, "codename": "change_career"}}, {"model": "auth.permission", "pk": 59, "fields": {"name": "Can delete career", "content_type": 15, "codename": "delete_career"}}, {"model": "auth.permission", "pk": 60, "fields": {"name": "Can view career", "content_type": 15, "codename": "view_career"}}, {"model": "auth.permission", "pk": 61, "fields": {"name": "Can add career2 skills", "content_type": 16, "codename": "add_career2skills"}}, {"model": "auth.permission", "pk": 62, "fields": {"name": "Can change career2 skills", "content_type": 16, "codename": "change_career2skills"}}, {"model": "auth.permission", "pk": 63, "fields": {"name": "Can delete career2 skills", "content_type": 16, "codename": "delete_career2skills"}}, {"model": "auth.permission", "pk": 64, "fields": {"name": "Can view career2 skills", "content_type": 16, "codename": "view_career2skills"}}, {"model": "auth.user", "pk": 1, "fields": {"password": "pbkdf2_sha256$390000$f0TzWstt7eu9rmEcuwMGcz$bYrdCJvvrm9zMZt9ES71qCvnp7B8yEXp4QQhCH9ToJA=", "last_login": "2022-10-07T01:05:16.778Z", "is_superuser": true, "username": "woody", "first_name": "", "last_name": "", "email": "lawsonbh@gmail.com", "is_staff": true, "is_active": true, "date_joined": "2022-10-02T23:25:04.796Z", "groups": [], "user_permissions": []}}, {"model": "contenttypes.contenttype", "pk": 1, "fields": {"app_label": "character_generator", "model": "ego"}}, {"model": "contenttypes.contenttype", "pk": 2, "fields": {"app_label": "character_generator", "model": "morph"}}, {"model": "contenttypes.contenttype", "pk": 3, "fields": {"app_label": "character_generator", "model": "item"}}, {"model": "contenttypes.contenttype", "pk": 4, "fields": {"app_label": "character_generator", "model": "movement"}}, {"model": "contenttypes.contenttype", "pk": 5, "fields": {"app_label": "admin", "model": "logentry"}}, {"model": "contenttypes.contenttype", "pk": 6, "fields": {"app_label": "auth", "model": "permission"}}, {"model": "contenttypes.contenttype", "pk": 7, "fields": {"app_label": "auth", "model": "group"}}, {"model": "contenttypes.contenttype", "pk": 8, "fields": {"app_label": "auth", "model": "user"}}, {"model": "contenttypes.contenttype", "pk": 9, "fields": {"app_label": "contenttypes", "model": "contenttype"}}, {"model": "contenttypes.contenttype", "pk": 10, "fields": {"app_label": "sessions", "model": "session"}}, {"model": "contenttypes.contenttype", "pk": 11, "fields": {"app_label": "character_generator", "model": "ego2morph"}}, {"model": "contenttypes.contenttype", "pk": 12, "fields": {"app_label": "character_generator", "model": "background"}}, {"model": "contenttypes.contenttype", "pk": 13, "fields": {"app_label": "character_generator", "model": "skill"}}, {"model": "contenttypes.contenttype", "pk": 14, "fields": {"app_label": "character_generator", "model": "background2skills"}}, {"model": "contenttypes.contenttype", "pk": 15, "fields": {"app_label": "character_generator", "model": "career"}}, {"model": "contenttypes.contenttype", "pk": 16, "fields": {"app_label": "character_generator", "model": "career2skills"}}, {"model": "sessions.session", "pk": "usvbbc7xhrm5f78dwcg0u17ohtslcyn9", "fields": {"session_data": ".eJxVjDsOgzAQRO_iOrKM8WdJmZ4zWOv1OiaJjIShinL3gESRaLp5b-YtAm5rCVvjJUxJXEUnLr9dRHpyPUB6YL3Pkua6LlOUhyJP2uQ4J37dTvfvoGAr-xpMj4bAJswxsk17HABz9gk6n5FwsNZoQOOUHnJU4J0m0kA9Y2QlPl8Cljih:1ogbng:BpfdC72FHfdj42O-gJ4GiqCDOCFnx7_vVPHfcP3995k", "expire_date": "2022-10-21T01:05:16.783Z"}}, {"model": "sessions.session", "pk": "xextro50074mkvp8p0vm0s1uxznbwyqw", "fields": {"session_data": ".eJxVjDsOgzAQRO_iOrKM8WdJmZ4zWOv1OiaJjIShinL3gESRaLp5b-YtAm5rCVvjJUxJXEUnLr9dRHpyPUB6YL3Pkua6LlOUhyJP2uQ4J37dTvfvoGAr-xpMj4bAJswxsk17HABz9gk6n5FwsNZoQOOUHnJU4J0m0kA9Y2QlPl8Cljih:1og3un:YLW5tXe9PgHuoA9CV7yZW-o48GBM4X3Xn1gqiie3u7E", "expire_date": "2022-10-19T12:54:21.556Z"}}]